<?xml version="1.0" encoding="UTF-8"?>
<beans
	xmlns="http://www.springframework.org/schema/beans"
	xmlns:xsi="http://www.w3.org/2001/XMLSchema-instance"
	xmlns:mvc="http://www.springframework.org/schema/mvc"
	xmlns:context="http://www.springframework.org/schema/context"
	xmlns:aop="http://www.springframework.org/schema/aop"
	xmlns:dwr="http://www.directwebremoting.org/schema/spring-dwr"
	xsi:schemaLocation="
	http://www.springframework.org/schema/mvc 
	https://www.springframework.org/schema/mvc/spring-mvc.xsd
		http://www.springframework.org/schema/beans 
		https://www.springframework.org/schema/beans/spring-beans.xsd
		http://www.springframework.org/schema/context 
		https://www.springframework.org/schema/context/spring-context.xsd
		http://www.directwebremoting.org/schema/spring-dwr 
		http://www.directwebremoting.org/schema/spring-dwr-3.0.xsd
		http://www.springframework.org/schema/aop
		http://www.springframework.org/schema/aop/spring-aop.xsd
		">
	<!-- DispatcherServlet Context: defines this servlet's request-processing infrastructure -->
	
	<!-- Enables the Spring MVC @Controller programming model -->
	<mvc:annotation-driven />

	<!-- Handles HTTP GET requests for /resources/** by efficiently serving up static resources in the ${webappRoot}/resources directory -->
	
	<mvc:resources mapping="/resources/**" location="/resources/" />
	<mvc:resources mapping="/bower_components/**" location="/resources/bower_components/"/>
    <mvc:resources mapping="/plugins/**" location="/resources/plugins/"/>
    <mvc:resources mapping="/dist/**" location="/resources/dist/"/>
    <mvc:resources mapping="/user/**" location="/resources/upload/user/"/>

	<!-- Resolves views selected for rendering by @Controllers to .jsp resources in the /WEB-INF/views directory -->
	<bean class="org.springframework.web.servlet.view.InternalResourceViewResolver">
		<property name="prefix" value="/WEB-INF/views/" />
		<property name="suffix" value=".jsp" />
	</bean>
	
	<context:component-scan base-package="cdc.go.controller" />
	<context:component-scan base-package="com.doubles.mvcboard"></context:component-scan>
	
<!-- 	<aop:aspectj-autoproxy /> -->
	 <!--파일 업로드 MultipartResolver 설정-->
    <bean id="multipartResolver" class="org.springframework.web.multipart.commons.CommonsMultipartResolver">
        <property name="maxUploadSize" value="10485760"/>
    </bean>
	
	
<!-- 	
	<bean id="loginInterceptor"
		class="com.doubles.mvcboard.commons.interceptor.LoginInterceptor" />
	<bean id="authInterceptor"
		class="com.doubles.mvcboard.commons.interceptor.AuthInterceptor" />
	<bean id="rememberMeInterceptor"
		class="com.doubles.mvcboard.commons.interceptor.RememberMeInterceptor" />
	<bean id="loginAfterInterceptor"
		class="com.doubles.mvcboard.commons.interceptor.LoginAfterInterceptor" /> -->
	
	
<!-- 	<mvc:interceptors>
		<mvc:interceptor>
			<mvc:mapping path="/interceptor/doA" />
			<mvc:mapping path="/interceptor/doB" />
			<ref bean="sampleInterceptor" />
		</mvc:interceptor>
		<mvc:interceptor>
			<mvc:mapping path="/user/loginPost" />
			<ref bean="loginInterceptor" />
		</mvc:interceptor>
		<mvc:interceptor>
			<mvc:mapping path="/article/paging/search/write" />
			<mvc:mapping path="/article/paging/search/modify" />
			<mvc:mapping path="/article/paging/search/remove" />
			<mvc:mapping path="/user/info" />
			<ref bean="authInterceptor" />
		</mvc:interceptor>
		<mvc:interceptor>
			<mvc:mapping path="/**/" />
			<ref bean="rememberMeInterceptor" />
		</mvc:interceptor>
		<mvc:interceptor>
			<mvc:mapping path="/user/login" />
			<mvc:mapping path="/user/register" />
			<ref bean="loginAfterInterceptor" />
		</mvc:interceptor>
	</mvc:interceptors> -->
	
	
</beans>

