<?xml version="1.0" encoding="UTF-8"?>
<!DOCTYPE mapper
	PUBLIC "-//mybatis.org//DTD Mapper 3.0//EN"
	"http://mybatis.org/dtd/mybatis-3-mapper.dtd">
	
<mapper namespace="cdc.go.mapper.CovidMapper">

	<select id = "listAll" resultType="DomesticVO">
		SELECT today, total, infect_total, infected, released, dead, checked, negative 
		FROM tbl_domestic 
		WHERE total >=0 
		ORDER BY today desc;
	</select>
	
	
	<!-- 국가명 리스트 출력용 -->
	<select id = "listWorld" resultType="WorldVO">
		SELECT location
		FROM tbl_oversea;
	</select>
	
	<!-- 국가명 검색용 -->
	<select id = "listAllWorld" resultType="WorldVO">
		<![CDATA[
			SELECT iso_code, location, date, total_cases, new_cases, total_deaths, new_deaths, total_tests, new_tests 
			FROM tbl_oversea 
			WHERE total_cases >= 0
		]]>	
			<if test="location != null">
				and location = "${location}"
			</if>
		<![CDATA[
			ORDER BY location asc, date desc;
		]]>

	</select>

</mapper>